Select Cohort =>,Engineering Management - 2nd End-October 2022,Engineering Management,2nd End-October 2022,,Cohort End Date,2023-12-05,,,,,,,,,,,,,
Cohort Start Date =>,2022-10-25,Start Time,6:00 PM,,End Date,10/25/2022,,End Time,8:00 PM,,,,,,,,,,
Cohort End Date =>,2023-12-05,,,,,,,,,,,,,,,,,,
Type Name,Resource Name,Topic Name,Dashboard Time Zone,Start Date,Start Time,End Date,End Time,Location,Activity,Feedback,Feedback Template,Feedback Activity,Activity Status,Conditional Activity,Condition Status,Helpful Material,Status,Activity Time Zone,Topic Code
resourcecollection,Onboarding *Start Here*,Welcome to Interview Kickstart,US/Pacific,2022-10-25,17:00:00,,,Remote Only,Watch the Videos,disabled,N/A,N/A,Always active,,,,,US/Pacific,
feedbacktemplate,Onboarding Form *Complete Now*,Welcome to Interview Kickstart,US/Pacific,2022-10-25,17:01:00,,,Remote Only,Complete the Form,disabled,N/A,N/A,Conditional,Welcome to Interview Kickstart - Onboarding *Start Here*,COMPLETED,,,US/Pacific,
resourcecollection,System Design Fundamentals - Foundation (09:56:08),Scalable Systems,US/Pacific,2022-10-25,17:02:00,,,Remote Only,Complete the Foundation Material,disabled,N/A,N/A,Conditional,Welcome to Interview Kickstart - Onboarding Form *Complete Now*,COMPLETED,,,US/Pacific,
class,Live Orientation,Orientation,US/Pacific,2022-10-25,18:00:00,2022-10-25,20:00:00,Remote Only,Attend the Class,enabled,Orientation Feedback,<p><br></p>,On Scheduled Date,,,,Scheduled,US/Pacific,ORTN00
feedbacktemplate,Orientation Feedback,Orientation,US/Pacific,2022-10-25,20:00:00,,,Remote Only,Give us Feedback,disabled,N/A,N/A,On Scheduled Date,,,,,US/Pacific,
video,Discord Tutorial,Welcome to Interview Kickstart,US/Pacific,2022-10-25,20:05:00,,,Remote Only,Watch the Videos,disabled,N/A,N/A,On Scheduled Date,,,,,US/Pacific,
feedbacktemplate,MANDATORY Discord Form,Welcome to Interview Kickstart,US/Pacific,2022-10-25,20:10:00,,,Remote Only,Complete the Form,disabled,N/A,N/A,On Scheduled Date,,,,,US/Pacific,
instruction,Discord - 2nd End-October 2022 - Program 2,Welcome to Interview Kickstart,US/Pacific,2022-10-25,20:15:00,,,Remote Only,Join Discord!,disabled,N/A,N/A,On Scheduled Date,,,,Scheduled,US/Pacific,
class,Live Online Processing Systems Class,Scalable Systems,US/Pacific,2022-10-30,9:15:00,2022-10-30,14:45:00,Remote Only,Attend the Class,enabled,Class Feedback (Mandatory),<p><br></p>,On Scheduled Date,,,Alternative Class - Online Processing Systems with Omkar Deshpande;Alternative Class - Online Processing Systems Slides by Omkar Deshpande;Alternative Class - Online Processing Systems Slides by Sanjay Aggarwal;Alternative Class 2 - Online Processing Systems Slides by Niloy Mukherjee;Alternative Class 1 - Online Processing Systems Slides by Niloy Mukherjee;Alternative Class - Online Processing Systems with Sanjay Aggarwal;Alternative Class 2 - Online Processing Systems with Niloy Mukherjee;Alternative Class 1 - Online Processing Systems with Niloy Mukherjee,Scheduled,US/Pacific,SDSS01
feedbacktemplate,Class Feedback (Mandatory),Scalable Systems,US/Pacific,2022-10-30,14:45:00,,,Remote Only,Give us Feedback,disabled,N/A,N/A,On Scheduled Date,,,,,US/Pacific,
resourcecollection,Scalable Systems - Practice Problem Set 1,Scalable Systems,US/Pacific,2022-10-30,14:50:00,,,Remote Only,Complete Practice Problems,disabled,N/A,N/A,On Scheduled Date,,,,,US/Pacific,
class,Live Online Processing Systems Timed Test and Group Discussion Class,Scalable Systems,US/Pacific,2022-11-03,17:00:00,2022-11-03,19:00:00,Remote Only,Attend Test Class,enabled,Class Feedback (Mandatory),<p><br></p>,On Scheduled Date,,,Alternative Class - Online Processing Systems Test Review with Sasha;Alternative Class - Online Processing Systems Test Review with Vineet,Scheduled,US/Pacific,SDSST1
test,Online Processing Systems - Timed Test,Scalable Systems,US/Pacific,2022-11-03,17:00:00,2022-11-03,18:00:00,Remote Only,Attempt Timed Test,disabled,N/A,N/A,On Scheduled Date,,,,,US/Pacific,
feedbacktemplate,Class Feedback (Mandatory),Scalable Systems,US/Pacific,2022-11-03,19:00:00,,,Remote Only,Give us Feedback,disabled,N/A,N/A,On Scheduled Date,,,,,US/Pacific,
class,Live Batch Processing Systems Class,Scalable Systems,US/Pacific,2022-11-06,9:15:00,2022-11-06,14:45:00,Remote Only,Attend the Class,enabled,Class Feedback (Mandatory),<p><br></p>,On Scheduled Date,,,Alternative Class - Batch Processing Systems Slides by Reza Saddodin;Alternative Class - Batch Processing Systems Slides by Niloy Mukherjee;Alternative Class - Batch Processing Systems with Reza Saddodin;Alternative Class - Batch Processing Systems with Niloy Mukherjee,Scheduled,US/Pacific,SDSS02
feedbacktemplate,Class Feedback (Mandatory),Scalable Systems,US/Pacific,2022-11-06,14:45:00,,,Remote Only,Give us Feedback,disabled,N/A,N/A,On Scheduled Date,,,,,US/Pacific,
resourcecollection,Scalable Systems - Practice Problem Set 2,Scalable Systems,US/Pacific,2022-11-06,14:50:00,,,Remote Only,Complete Practice Problems,disabled,N/A,N/A,On Scheduled Date,,,,,US/Pacific,
resourcecollection,OPTIONAL Batch Processing Systems Material,Scalable Systems,US/Pacific,2022-11-06,14:55:00,,,Remote Only,Review Optional Material,disabled,N/A,N/A,On Scheduled Date,,,,,US/Pacific,
video,(Video) Calibrate Your Time,Message from IK Founder,US/Pacific,2022-11-09,0:00:00,,,Remote Only,Watch Video,disabled,N/A,N/A,On Scheduled Date,,,,,US/Pacific,
video,(Video) Come Back Fast From Your Distractions,Message from IK Founder,US/Pacific,2022-11-09,0:00:00,,,Remote Only,Watch Video,disabled,N/A,N/A,On Scheduled Date,,,,,US/Pacific,
class,Live Batch Processing Systems Timed Test and Group Discussion Class,Scalable Systems,US/Pacific,2022-11-10,17:00:00,2022-11-10,19:00:00,Remote Only,Attend Test Class,enabled,Class Feedback (Mandatory),<p><br></p>,On Scheduled Date,,,Alternative Class - Batch Processing Systems Test Review with Jake;Alternative Class - Batch Processing Systems Test Review with Richi,Scheduled,US/Pacific,SDSST2
test,Batch Processing Systems - Timed Test,Scalable Systems,US/Pacific,2022-11-10,17:00:00,2022-11-10,18:00:00,Remote Only,Attempt Timed Test,disabled,N/A,N/A,On Scheduled Date,,,,,US/Pacific,
feedbacktemplate,Class Feedback (Mandatory),Scalable Systems,US/Pacific,2022-11-10,19:00:00,,,Remote Only,Give us Feedback,disabled,N/A,N/A,On Scheduled Date,,,,,US/Pacific,
feedbacktemplate,System Design Program Feedback Form,System Design Program Feedback,US/Pacific,2022-11-13,8:00:00,,,Remote Only,Give us Feedback,disabled,N/A,N/A,On Scheduled Date,,,,,US/Pacific,
class,Live Stream Processing Systems Class,Scalable Systems,US/Pacific,2022-11-13,9:15:00,2022-11-13,14:45:00,Remote Only,Attend the Class,enabled,Class Feedback (Mandatory),<p><br></p>,On Scheduled Date,,,Alternative Class - Stream Processing Systems Slides by Adityan Melarkode;Alternative Class - Stream Processing Systems Slides by Yue Ning;Alternative Class - Stream Processing Systems Slides by Raghuram Belur;Alternative Class - Stream Processing Systems with Adityan Melarkode;Alternative Class - Stream Processing Systems with Yue Ning;Alternative Class - Stream Processing Systems with Raghuram Belur,Scheduled,US/Pacific,SDSS03
feedbacktemplate,Class Feedback (Mandatory),Scalable Systems,US/Pacific,2022-11-13,14:45:00,,,Remote Only,Give us Feedback,disabled,N/A,N/A,On Scheduled Date,,,,,US/Pacific,
resourcecollection,Scalable Systems - Practice Problem Set 3,Scalable Systems,US/Pacific,2022-11-13,14:50:00,,,Remote Only,Complete Practice Problems,disabled,N/A,N/A,On Scheduled Date,,,,,US/Pacific,
class,Live Stream Processing Systems Timed Test and Group Discussion Class,Scalable Systems,US/Pacific,2022-11-17,18:00:00,2022-11-17,20:00:00,Remote Only,Attend Test Class,enabled,Class Feedback (Mandatory),<p><br></p>,On Scheduled Date,,,Alternative Class - Stream Processing Systems Test Review with Tilo,Scheduled,US/Pacific,SDSST3
test,Stream Processing Systems - Timed Test,Scalable Systems,US/Pacific,2022-11-17,18:00:00,2022-11-17,19:00:00,Remote Only,Attempt Timed Test,disabled,N/A,N/A,On Scheduled Date,,,,,US/Pacific,
feedbacktemplate,Class Feedback (Mandatory),Scalable Systems,US/Pacific,2022-11-17,20:00:00,,,Remote Only,Give us Feedback,disabled,N/A,N/A,On Scheduled Date,,,,,US/Pacific,
resourcecollection,OPTIONAL System Design Material,Scalable Systems,US/Pacific,2022-11-18,0:00:00,,,Remote Only,Review Optional Material,disabled,N/A,N/A,On Scheduled Date,,,,,US/Pacific,
resourcecollection,Secure Interviews at Your Dream Companies Foundation,Interview Success,US/Pacific,2022-11-20,0:00:00,,,Remote Only,Complete the Foundation Material,disabled,N/A,N/A,On Scheduled Date,,,,,US/Pacific,
class,Live Secure Interviews at Your Dream Companies Class,Interview Success,US/Pacific,2022-11-23,18:15:00,2022-11-23,21:15:00,Remote Only,Attend the Class,enabled,Class Feedback (Mandatory),<p><br></p>,On Scheduled Date,,,Alternative Class - Secure Interviews at Your Dream Companies by Jessica;Alternative Class - Secure Interviews at Your Dream Companies with Tyson;Alternative Class - Secure Interviews at Your Dream Companies with Christer;Alternative Class - Secure Interviews at Your Dream Companies with Nick,Scheduled,US/Pacific,CCIS01
feedbacktemplate,Class Feedback (Mandatory),Interview Success,US/Pacific,2022-11-23,21:15:00,,,Remote Only,Give us Feedback,disabled,N/A,N/A,On Scheduled Date,,,,,US/Pacific,
resourcecollection,Secure Interviews at Your Dream Companies Post-Class Assignment,Interview Success,US/Pacific,2022-11-23,21:20:00,,,Remote Only,Complete Assignment,disabled,N/A,N/A,On Scheduled Date,,,,,US/Pacific,
class,Live Secure Interviews at Your Dream Companies Review Session,Interview Success,US/Pacific,2022-11-29,18:00:00,2022-11-29,20:00:00,Remote Only,Attend the Class,enabled,Class Feedback (Mandatory),<p><br></p>,On Scheduled Date,,,Alternative Class - Secure Interviews at Your Dream Companies Review with Chris Stires;Alternative Class - Secure Interviews at Your Dream Companies Review with Tyson;Alternative Class - Secure Interviews at Your Dream Companies Review with Nick,Scheduled,US/Pacific,CCIST1
feedbacktemplate,Class Feedback (Mandatory),Interview Success,US/Pacific,2022-11-29,20:00:00,,,Remote Only,Give us Feedback,disabled,N/A,N/A,On Scheduled Date,,,,,US/Pacific,
resourcecollection,Leadership Interview Patterns Foundation,Engineering Management,US/Pacific,2022-12-01,0:00:00,,,Remote Only,Complete the Foundation Material,disabled,N/A,N/A,On Scheduled Date,,,,,US/Pacific,
class,Live Leadership Interview Patterns Class,Engineering Management,US/Pacific,2022-12-07,18:15:00,2022-12-07,21:15:00,Remote Only,Attend the Class,enabled,Class Feedback (Mandatory),<p><br></p>,On Scheduled Date,,,Alternative Class - Leadership Interviews with Nick;Alternative Class - Leadership Interviews with Sreeram,Scheduled,US/Pacific,EMMB01
feedbacktemplate,Class Feedback (Mandatory),Engineering Management,US/Pacific,2022-12-07,21:15:00,,,Remote Only,Give us Feedback,disabled,N/A,N/A,On Scheduled Date,,,,,US/Pacific,
resourcecollection,Leadership Interview Patterns Post-Class Assignment,Engineering Management,US/Pacific,2022-12-07,21:20:00,,,Remote Only,Complete the Assignment,disabled,N/A,N/A,On Scheduled Date,,,,,US/Pacific,
class,Leadership Workshop 1,Engineering Management,US/Pacific,2022-12-11,9:00:00,2022-12-11,11:00:00,Remote Only,Attend the Class,enabled,Class Feedback (Mandatory),<p><br></p>,On Scheduled Date,,,,Scheduled,US/Pacific,EMLW01
feedbacktemplate,Class Feedback (Mandatory),Engineering Management,US/Pacific,2022-12-11,11:00:00,,,Remote Only,Give us Feedback,disabled,N/A,N/A,On Scheduled Date,,,,,US/Pacific,
class,Leadership Workshop 2,Engineering Management,US/Pacific,2022-12-15,18:00:00,2022-12-15,20:00:00,Remote Only,Attend the Class,enabled,Class Feedback (Mandatory),<p><br></p>,On Scheduled Date,,,,Scheduled,US/Pacific,EMLW02
feedbacktemplate,Class Feedback (Mandatory),Engineering Management,US/Pacific,2022-12-15,20:00:00,,,Remote Only,Give us Feedback,disabled,N/A,N/A,On Scheduled Date,,,,,US/Pacific,
class,Leadership Workshop 3,Engineering Management,US/Pacific,2022-12-18,9:00:00,2022-12-18,11:00:00,Remote Only,Attend the Class,enabled,Class Feedback (Mandatory),<p><br></p>,On Scheduled Date,,,,Scheduled,US/Pacific,EMLW03
feedbacktemplate,Class Feedback (Mandatory),Engineering Management,US/Pacific,2022-12-18,11:00:00,,,Remote Only,Give us Feedback,disabled,N/A,N/A,On Scheduled Date,,,,,US/Pacific,
feedbacktemplate,Domain Program Feedback Form,Engineering Management,US/Pacific,2022-12-22,17:00:00,,,Remote Only,Give us Feedback,disabled,N/A,N/A,On Scheduled Date,,,,,US/Pacific,
class,Leadership Workshop 4,Engineering Management,US/Pacific,2022-12-22,18:00:00,2022-12-22,20:00:00,Remote Only,Attend the Class,enabled,Class Feedback (Mandatory),<p><br></p>,On Scheduled Date,,,,Scheduled,US/Pacific,EMLW04
feedbacktemplate,Class Feedback (Mandatory),Engineering Management,US/Pacific,2022-12-22,20:00:00,,,Remote Only,Give us Feedback,disabled,N/A,N/A,On Scheduled Date,,,,,US/Pacific,
resourcecollection,Sorting Algorithms Foundations - New,Sorting Algorithms,US/Pacific,2022-12-22,20:05:00,,,Remote Only,Complete the Foundation Material,disabled,N/A,N/A,On Scheduled Date,,,,,US/Pacific,
class,Live Sorting Algorithms Class,Sorting Algorithms,US/Pacific,2022-12-25,8:45:00,2022-12-25,14:15:00,Remote Only,Attend the Class,enabled,Class Feedback (Mandatory),<p><br></p>,On Scheduled Date,,,Alternative Class - Sorting with Omkar Deshpande;Alternative Class - Sorting Slides by Omkar Deshpande;Alternative Class - Sorting Slides by Abhishek Gunasekar;Alternative Class - Sorting Slides by Sanjeev Qazi;Alternative Class - Sorting with Abhishek Gunasekar;Alternative Class - Sorting with Sanjeev Qazi,,US/Pacific,CGSG01
feedbacktemplate,Class Feedback (Mandatory),Sorting Algorithms,US/Pacific,2022-12-25,14:15:00,,,Remote Only,Give us Feedback,disabled,N/A,N/A,On Scheduled Date,,,,,US/Pacific,
resourcecollection,Sorting Algorithms Practice - Problem Set 1 - New,Sorting Algorithms,US/Pacific,2022-12-25,14:20:00,,,Remote Only,Complete Practice Problems,disabled,N/A,N/A,On Scheduled Date,,,,,US/Pacific,
resourcecollection,Sorting Class Problems,Sorting Algorithms,US/Pacific,2022-12-25,14:25:00,,,Remote Only,Complete Practice Problems,disabled,N/A,N/A,On Scheduled Date,,,,,US/Pacific,
resourcecollection,OPTIONAL Sorting Material - New,Sorting Algorithms,US/Pacific,2022-12-25,14:30:00,,,Remote Only,Review Optional Material,disabled,N/A,N/A,On Scheduled Date,,,,,US/Pacific,
class,Live Sorting Practice Problem Review Session,Sorting Algorithms,US/Pacific,2022-12-29,18:00:00,2022-12-29,20:00:00,Remote Only,Attend Test Class,enabled,Test Review Class Feedback,<p><br></p>,On Scheduled Date,,,Alternative Class - Sorting Practice Problem Review with Omkar;Alternative Class - Sorting Practice Problem Review by Shashi Bhushan;Alternative Class - Sorting Practice Problem Review with Raghuram,,US/Pacific,CGSGT1
feedbacktemplate,Class Feedback (Mandatory),Sorting Algorithms,US/Pacific,2022-12-29,20:00:00,,,Remote Only,Give us Feedback,disabled,N/A,N/A,On Scheduled Date,,,,,US/Pacific,
resourcecollection,Recursion Foundation - New,Recursion & Backtracking,US/Pacific,2022-12-29,20:05:00,,,Remote Only,Complete the Foundation Material,disabled,N/A,N/A,On Scheduled Date,,,,,US/Pacific,
class,Live Recursion Class,Recursion & Backtracking,US/Pacific,2023-01-08,8:45:00,2023-01-08,14:15:00,Remote Only,Attend the Class,enabled,Class Feedback (Mandatory),<p><br></p>,On Scheduled Date,,,Alternative Class - Recursion with Omkar Deshpande;Alternative Class - Recursion Slides by Omkar Deshpande;Alternative Class - Recursion Slides by Abdul Salama;Alternative Class - Recursion Slides by Miles Rufatlatre;Alternative Class - Recursion with Abdul Salama;Alternative Class - Recursion with Miles Rufatlatre,,US/Pacific,CGRN02
feedbacktemplate,Class Feedback (Mandatory),Recursion & Backtracking,US/Pacific,2023-01-08,14:15:00,,,Remote Only,Give us Feedback,disabled,N/A,N/A,On Scheduled Date,,,,,US/Pacific,
resourcecollection,Recursion Practice - Problem Set 1 - New,Recursion & Backtracking,US/Pacific,2023-01-08,14:20:00,,,Remote Only,Complete Practice Problems,disabled,N/A,N/A,On Scheduled Date,,,,,US/Pacific,
resourcecollection,Recursion Class Problems,Recursion & Backtracking,US/Pacific,2023-01-08,14:25:00,,,Remote Only,Complete Practice Problems,disabled,N/A,N/A,On Scheduled Date,,,,,US/Pacific,
resourcecollection,OPTIONAL Recursion Material,Recursion & Backtracking,US/Pacific,2023-01-08,14:30:00,,,Remote Only,Review Optional Material,disabled,N/A,N/A,On Scheduled Date,,,,,US/Pacific,
test,Recursion Timed Test,Recursion & Backtracking,US/Pacific,2023-01-12,18:00:00,2023-01-12,19:00:00,Remote Only,Attempt Timed Test,disabled,N/A,N/A,On Scheduled Date,,,,,US/Pacific,
class,Live Recursion Test Review Class,Recursion & Backtracking,US/Pacific,2023-01-12,19:00:00,2023-01-12,20:00:00,Remote Only,Attend Test Class,enabled,Test Review Class Feedback,<p><br></p>,On Scheduled Date,,,Alternative Class - Recursion Test Review with Joey;Alternative Class - Recursion Test Review with Ganesh;Alternative Class - Recursion Test Review with Shashi Bhushan,,US/Pacific,CGRNT2
feedbacktemplate,Test Review Class Feedback,Recursion & Backtracking,US/Pacific,2023-01-12,20:00:00,,,Remote Only,Give us Feedback,disabled,N/A,N/A,On Scheduled Date,,,,,US/Pacific,
resourcecollection,Trees Foundation - New,Trees and its Variants,US/Pacific,2023-01-12,20:05:00,,,Remote Only,Complete the Foundation Material,disabled,N/A,N/A,On Scheduled Date,,,,,US/Pacific,
class,Live Trees Class,Trees and its Variants,US/Pacific,2023-01-15,8:45:00,2023-01-15,14:15:00,Remote Only,Attend the Class,enabled,Class Feedback (Mandatory),<p><br></p>,On Scheduled Date,,,Alternative Class - Trees with Omkar  Deshpande;Alternative Class - Trees Slides by Omkar Deshpande;Alternative Class - Trees Slides by Andrei Anashkin;Alternative Class - Trees Slides by Tom Gilmour;Alternative Class - Trees with Andrei Anashkin;Alternative Class - Trees with Tom Gilmour,,US/Pacific,CGTS03
feedbacktemplate,Class Feedback (Mandatory),Trees and its Variants,US/Pacific,2023-01-15,14:15:00,,,Remote Only,Give us Feedback,disabled,N/A,N/A,On Scheduled Date,,,,,US/Pacific,
resourcecollection,Trees Practice - Problem Set 1 - New,Trees and its Variants,US/Pacific,2023-01-15,14:20:00,,,Remote Only,Complete Practice Problems,disabled,N/A,N/A,On Scheduled Date,,,,,US/Pacific,
resourcecollection,Trees Class Problems,Trees and its Variants,US/Pacific,2023-01-15,14:25:00,,,Remote Only,Complete Practice Problems,disabled,N/A,N/A,On Scheduled Date,,,,,US/Pacific,
resourcecollection,OPTIONAL Trees Material,Trees and its Variants,US/Pacific,2023-01-15,14:30:00,,,Remote Only,Review Optional Material,disabled,N/A,N/A,On Scheduled Date,,,,,US/Pacific,
test,Trees Timed Test,Trees and its Variants,US/Pacific,2023-01-19,18:00:00,2023-01-19,19:00:00,Remote Only,Attempt Timed Test,disabled,N/A,N/A,On Scheduled Date,,,,,US/Pacific,
class,Live Trees Test Review Class,Trees and its Variants,US/Pacific,2023-01-19,19:00:00,2023-01-19,20:00:00,Remote Only,Attend Test Class,enabled,Test Review Class Feedback,<p><br></p>,On Scheduled Date,,,Alternative Class - Trees Test Review with Tom;Alternative Class - Trees Test Review with Shashi Bhushan;Alternative Class - Trees Test Review with Shashi C,,US/Pacific,CGTST3
feedbacktemplate,Test Review Class Feedback,Trees and its Variants,US/Pacific,2023-01-19,20:00:00,,,Remote Only,Give us Feedback,disabled,N/A,N/A,On Scheduled Date,,,,,US/Pacific,
resourcecollection,Graphs Foundation - New,Graphs and its Variants,US/Pacific,2023-01-19,20:05:00,,,Remote Only,Complete Practice Problems,disabled,N/A,N/A,On Scheduled Date,,,,,US/Pacific,
class,Live Graphs Class,Graphs and its Variants,US/Pacific,2023-01-22,8:45:00,2023-01-22,14:15:00,Remote Only,Attend the Class,enabled,Class Feedback (Mandatory),<p><br></p>,On Scheduled Date,,,Alternative Class - Graphs with Omkar Deshpande;Alternative Class - Graphs Slides by Omkar Deshpande;Alternative Class - Graphs Slides by Abhishek Gunasekar;Alternative Class - Graphs Slides by Reza Saddodin;Alternative Class - Graphs with Abhishek Gunasekar;Alternative Class - Graphs with Reza Saddodin,,US/Pacific,CGGR04
feedbacktemplate,Class Feedback (Mandatory),Graphs and its Variants,US/Pacific,2023-01-22,14:15:00,,,Remote Only,Give us Feedback,disabled,N/A,N/A,On Scheduled Date,,,,,US/Pacific,
resourcecollection,Graphs Practice - Problem Set 1 - New,Graphs and its Variants,US/Pacific,2023-01-22,14:20:00,,,Remote Only,Complete Practice Problems,disabled,N/A,N/A,On Scheduled Date,,,,,US/Pacific,
resourcecollection,Graphs Class Problems,Graphs and its Variants,US/Pacific,2023-01-22,14:25:00,,,Remote Only,Complete Practice Problems,disabled,N/A,N/A,On Scheduled Date,,,,,US/Pacific,
resourcecollection,OPTIONAL Graphs Material,Graphs and its Variants,US/Pacific,2023-01-22,14:30:00,,,Remote Only,Review Optional Material,disabled,N/A,N/A,On Scheduled Date,,,,,US/Pacific,
test,Graphs Timed Test,Graphs and its Variants,US/Pacific,2023-01-26,18:00:00,2023-01-26,19:00:00,Remote Only,Attempt Timed Test,disabled,N/A,N/A,On Scheduled Date,,,,,US/Pacific,
class,Live Graphs Test Review Class,Graphs and its Variants,US/Pacific,2023-01-26,19:00:00,2023-01-26,20:00:00,Remote Only,Attend Test Class,enabled,Test Review Class Feedback,<p><br></p>,On Scheduled Date,,,Alternative Class - Graphs Test Review with Ganesh;Alternative Class - Graphs Test Review with Pavan;Alternative Class - Graphs Test Review with Sushanth,,US/Pacific,CGGRT4
feedbacktemplate,Test Review Class Feedback,Graphs and its Variants,US/Pacific,2023-01-26,20:00:00,,,Remote Only,Give us Feedback,disabled,N/A,N/A,On Scheduled Date,,,,,US/Pacific,
resourcecollection,Dynamic Programming Foundation - New,Dynamic Programming,US/Pacific,2023-01-26,20:05:00,,,Remote Only,Complete the Foundation Material,disabled,N/A,N/A,On Scheduled Date,,,,,US/Pacific,
feedbacktemplate,Coding Program Feedback Form,Coding Program Feedback,US/Pacific,2023-01-29,8:00:00,,,Remote Only,Give us Feedback,disabled,N/A,N/A,On Scheduled Date,,,,,US/Pacific,
class,Live Dynamic Programming Class,Dynamic Programming,US/Pacific,2023-01-29,8:45:00,2023-01-29,14:15:00,Remote Only,Attend the Class,enabled,Class Feedback (Mandatory),<p><br></p>,On Scheduled Date,,,Alternative Class - Dynamic Programming with Omkar Deshpande;Alternative Class - Dynamic Programming Slides by Omkar Deshpande;Alternative Class - Dynamic Programming Slides by David Hulak;Alternative Class - Dynamic Programming Slides by Vivek Nagarajan;Alternative Class - Dynamic Programming with David Hulak;Alternative Class - Dynamic Programming with Vivek Nagarajan,,US/Pacific,CGDP05
feedbacktemplate,Class Feedback (Mandatory),Dynamic Programming,US/Pacific,2023-01-29,14:15:00,,,Remote Only,Give us Feedback,disabled,N/A,N/A,On Scheduled Date,,,,,US/Pacific,
resourcecollection,Dynamic Programming Class Problems,Dynamic Programming,US/Pacific,2023-01-29,14:20:00,,,Remote Only,Complete Practice Problems,disabled,N/A,N/A,On Scheduled Date,,,,,US/Pacific,
resourcecollection,Dynamic Programming Practice - Problem Set 1 - New,Dynamic Programming,US/Pacific,2023-01-29,14:25:00,,,Remote Only,Complete Practice Problems,disabled,N/A,N/A,On Scheduled Date,,,,,US/Pacific,
resourcecollection,OPTIONAL Dynamic Programming Material,Dynamic Programming,US/Pacific,2023-01-29,14:30:00,,,Remote Only,Review Optional Material,disabled,N/A,N/A,On Scheduled Date,,,,,US/Pacific,
test,Dynamic Programming Timed Test,Dynamic Programming,US/Pacific,2023-02-02,18:00:00,2023-02-02,19:00:00,Remote Only,Attempt Timed Test,disabled,N/A,N/A,On Scheduled Date,,,,,US/Pacific,
class,Live Dynamic Programming Test Review Class,Dynamic Programming,US/Pacific,2023-02-02,19:00:00,2023-02-02,20:00:00,Remote Only,Attend Test Class,enabled,Test Review Class Feedback,<p><br></p>,On Scheduled Date,,,Alternative Class - Dynamic Programming Test Review with Joey;Alternative Class - Dynamic Programming Test Review with Tilo;Alternative Class - Dynamic Programming Test Review with Ganesh,,US/Pacific,CGDPT5
feedbacktemplate,Test Review Class Feedback,Dynamic Programming,US/Pacific,2023-02-02,20:00:00,,,Remote Only,Give us Feedback,disabled,N/A,N/A,On Scheduled Date,,,,,US/Pacific,
resourcecollection,"OPTIONAL Linked Lists, Stacks, and Queues Material","Linked Lists, Stacks and Queues",US/Pacific,2023-02-03,0:00:00,,,Remote Only,Review Optional Material,disabled,N/A,N/A,On Scheduled Date,,,,,US/Pacific,
resourcecollection,OPTIONAL Binary Search Variants Material,Binary Search Variants,US/Pacific,2023-02-03,0:01:00,,,Remote Only,Review Optional Material,disabled,N/A,N/A,On Scheduled Date,,,,,US/Pacific,
resourcecollection,OPTIONAL Ad-hoc Material,Ad-Hoc,US/Pacific,2023-02-03,0:02:00,,,Remote Only,Review Optional Material,disabled,N/A,N/A,On Scheduled Date,,,,,US/Pacific,
resourcecollection,OPTIONAL Arrays Material,Arrays,US/Pacific,2023-02-03,0:03:00,,,Remote Only,Review Optional Material,disabled,N/A,N/A,On Scheduled Date,,,,,US/Pacific,
resourcecollection,OPTIONAL Monotonic Stacks Material,Monotonic Stacks,US/Pacific,2023-02-03,0:04:00,,,Remote Only,Review Optional Material,disabled,N/A,N/A,On Scheduled Date,,,,,US/Pacific,
resourcecollection,OPTIONAL Strings Material,Strings,US/Pacific,2023-02-03,0:05:00,,,Remote Only,Review Optional Material,disabled,N/A,N/A,On Scheduled Date,,,,,US/Pacific,
resourcecollection,Offer Negotiation & Transitions Foundation,Offer Negotiation and Strategy,US/Pacific,2023-02-06,0:00:00,,,Remote Only,Complete the Foundation Material,disabled,N/A,N/A,On Scheduled Date,,,,,US/Pacific,
class,Live Offer Negotiation and Strategy Class,Offer Negotiation and Strategy,US/Pacific,2023-02-08,17:00:00,2023-02-08,20:00:00,Remote Only,Attend the Class,enabled,Class Feedback (Mandatory),<p><br></p>,On Scheduled Date,,,Alternative Class - Offer Negotiation with Randy;Alternative Class - Offer Negotiation with Dan;Alternative Class - Offer Negotiation with Nick;Alternative Class - Offer Negotiation with Sharon,Scheduled,US/Pacific,CCON01
feedbacktemplate,Class Feedback (Mandatory),Offer Negotiation and Strategy,US/Pacific,2023-02-08,20:00:00,,,Remote Only,Give us Feedback,disabled,N/A,N/A,On Scheduled Date,,,,,US/Pacific,
resourcecollection,Offer Negotiation & Transitions Post-Class Assignment,Offer Negotiation and Strategy,US/Pacific,2023-02-08,20:05:00,,,Remote Only,Complete Assignment,disabled,N/A,N/A,On Scheduled Date,,,,,US/Pacific,
resourcecollection,Sorting Algorithms Practice - Problem Set 2 - New,Sorting Algorithms,US/Pacific,2023-02-10,0:00:00,,,Remote Only,Complete Practice Problems,disabled,N/A,N/A,On Scheduled Date,,,,,US/Pacific,
resourcecollection,Recursion Practice - Problem Set 2 - New,Recursion & Backtracking,US/Pacific,2023-02-10,0:01:00,,,Remote Only,Complete Practice Problems,disabled,N/A,N/A,On Scheduled Date,,,,,US/Pacific,
resourcecollection,Trees Practice - Problem Set 2 - New,Trees and its Variants,US/Pacific,2023-02-10,0:02:00,,,Remote Only,Complete Practice Problems,disabled,N/A,N/A,On Scheduled Date,,,,,US/Pacific,
resourcecollection,Graphs Practice - Problem Set 2 - New,Graphs and its Variants,US/Pacific,2023-02-10,0:03:00,,,Remote Only,Complete Practice Problems,disabled,N/A,N/A,On Scheduled Date,,,,,US/Pacific,
resourcecollection,Dynamic Programming Practice - Problem Set 2 - New,Dynamic Programming,US/Pacific,2023-02-10,0:04:00,,,Remote Only,Complete Practice Problems,disabled,N/A,N/A,On Scheduled Date,,,,,US/Pacific,